text,target
"You may change the items in your order, or cancel the Smartship at anytime, up until 3 days prior to the scheduled ship date of your Smartship by calling Customer Service at 1-800-518-0284.",1
13 people have added this to their cart,1
Only 8 left in stock. Almost Gone!,1
"You choose: just one box, or a  Madison Reed Membership?",1
Solar Powered Paw Print Ground Light,0
"HURRY, THERE ARE ONLY 9 ITEM(S) LEFT!",1
DON'T LET 'EM GET AWAY Several people have recently viewed this item.,1
3 items left,1
"Jessica in Orange, United States purchased a Black 1920s Sequin Maxi Flapper Dress 12 minutes ago",1
 Box Springs & Foundations,0
Allow All,0
Brand: Ray-Ban¬Æ | Similar products from Ray-Ban¬Æ,0
"Marc in Newton, United States purchasedKTM Stand Plate Large KTM...",1
7 sold in the last 48 hours,1
1 person is viewing this,1
"Products are automatically delivered on your schedule. No obligation, modify or cancel your subscription anytime. ",0
77 PEOPLE LIKE THIS,1
CPUs & Processors,0
Only 1 item left!,1
BreakThrough,0
Toe Ring,0
80 Customers are considering this product right now.,1
Loading interface...,0
Enjoy FREE shipping with WSJwine Advantage,1
Limited Time Sale - Buy Now!,1
I'd rather pay full price,1
"Hurry, only 6 left in stock!",1
Crossman Air Pistols,0
Books and Stationery,0
167 piece(s) left for this promo,1
My Account ,0
We curate the very best in creative and innovative fashion for the EDM Lifestyle. ,0
"Skin Concerns: Treats mild to moderate acne (including whiteheads, blackheads, pimples, and hormonal acne) and excess oiliness.",0
"Only 5 left , In Stock",1
Nighty For Honeymoon,0
HURRY! YOUR 10% OFF EXPIRES IN 29:43,1
You can feel confident that your new box each month is helping you celebrate pregnancy and protect your bump!,0
Grocery & Liquor,0
Spring Styles ,0
'Keeper of Lost Things',0
Only 3 pieces in stock!,1
ONLY 5 LEFT IN STOCK,1
Hurry! Only Limited Items Left,1
Flash Sale ends in SHOP NOW  ,1
Product Tagline,0
5 in stock,1
In Stock. Only 1 Left!,1
Sale ends soon:,1
Áèæ‰ª£Â•¥Èö∑Ê≥ï„Å´ÂØæ„Åô„ÇãÈÄèÊòéÊÄß„Å´Èñ¢„Åô„ÇãÂ£∞Êòé (opens in a new tab),0
Wondering where to buy White Cloud products in the U.S.? Our distributor list is growing! Bookmark our list and stay tuned!,0
"Someone in Cedarhurst, United States purchased a Sproet and Sprout Shell/Violet Stripe Bloomers",1
Wyse Thin Client,0
 Entertainment Centers & TV Stands ,0
Trending now! Added to basket 38 times today,1
Ribbons,0
Baby Girl Shoes,0
Nicholas Kirkwood,0
"We'd like to send you weekly emails packed full of our lovely products, clearance goodies and cool stuff to win. You can unsubscribe at any time. If you DON'T want to receive these emails, please tick this box. We'd like to send you the occasional brochure so you can get a regular fix of our lovely product! You can unsubscribe at any time. If you DON'T want to receive these brochures, please tick this box. We'd like to introduce you to other brands you might love who will post you the occasional brochure. You can opt out of this at any time. If you DON'T want to receive these brochures, please tick this box.",1
ADD FOR BETTER RESULTS,1
Currently less than 10 available,1
62 people have looked at this item in the last few hours.,1
We use cookies to give you the best experience possible. No personal information is stored. Using this website means that you are ok with this cookie policy.,0
"No thanks, I don't want any deals",1
Click and Collect T&C,0
Limited Time Remaining!,1
 Bento Lunch Boxes & Food Containers ,0
Brown Dresses,0
Limited Quantity Available,1
HURRY! ONLY 14 LEFT IN STOCK.,1
Buy Wearables¬ª,0
Days left until the offer ends: 00 Days 04:43:35,1
All Little Boys Clothing,0
"3,081 people have viewed this item",1
Soft Flexible (Classic) ,0
SAVE TODAY: Save 20% on lighting by Le Klint. Limited time only.,1
"No thanks, I don‚Äôt want to save",1
Shop All Vape Kits,0
Joybird Design House,0
Laundry Care,0
activate within 10:00,1
"When you place healing crystals in a symmetrical fashion and activate it with a crystal wand, the pattern is charged to send messages to the universe. A healing crystal grid uses sophisticated symmetry for manifestation.",0
 Latest looks from Myleene Klass Shop now ,0
xB Remotes,0
Panther Anole,0
AN ITEM IN YOUR CART IS SELLING OUT QUICKLY,1
Carnival Remotes,0
STAY IN THE LOOP!,0
Immunity & Well BeingLean Muscle MassWeight LossBulk GainStress & Relaxation,0
111 people have purchased this item,1
HURRY! EXCLUSIVE DEAL FOR YOU! 1 4 : 4 5,1
 Short,0
SUBSCRIPTION SUCCESSFUL. THANK YOU!,0
"Someone in Shelby twp, United States just bought Galaxy Note 8 10000mAh ZeroShock Battery Case 3 days ago",1
"""No Worry"" Membership Renewal We will bill your credit card on file at the introductory rate of $2.99 per month for the first year, for membership rewards and discounts. At the end of the introductory period, you'll be billed at the regular monthly rate of $3.99 per month. If you don't want your membership renewed, simply contact us and we will cancel your subscription. You will be refunded for the current month's membership fee, less any membership savings you have received. Exclusive Toll-Free Hotline Number Because we want your calls to get top priority, we have a special number for Value Club members only: 1-800-648-4282. Your call will be handled with the utmost promptness, courtesy and efficiency possible.",1
Crop Tops,0
Orthopedic,0
Wall Mounted Air Conditioners,0
LIMITED TIME BLOW OUT SALE UP TO 70% OFF! 110% BEST PRICE GUARANTEE!,1
Hurry! Only 1 left in stock,1
90% offers claimed. Hurry up!,1
Only 1 in stock,1
Discontinued Item,0
Limited Time Promo $194.00,1
Only 1 Left!,1
 Active Filters English (United States) English (United States) ‚úò Remove Filter ,0
Was this product description useful?YesNo,0
Lifestyle / Music,0
 Fashion Bags ,0
 Indoor Festive Lights ,0
"no thanks, I'll save money another day",1
Taxes and shipping will be estimated at checkout.,0
"No thanks, I'm not interested",1
6 items left! Order soon.,1
This link will open in a new window,0
Warne Mounts,0
Horizon Wide Neck Sweatshirt,0
Sunglasses and Eyewear,0
 Stone Cold Steve Austin ,0
THIS PRODUCT HAS BEEN VIEWED 480 TIMES IN THE LAST 48 HOURS,1
 Functional Marketing Cookies,0
Tidal Waves Collection,0
Current Offers,0
Household,0
Limited Time Offer: 10% Off your first order!,1
"No thanks, I'll just pay full price.",1
Shop Plus Shorts by Pattern,0
 Active Filters English English ‚úò Remove Filter ,0
Thanks! -RMO Team,0
Download mobile app,0
Receive news and updates on new products,0
"Business, Office & Industrial",0
¬∑ Physical Healing,0
Fun Treat Tossing,0
Present your Fave voucher (it's in the Purchases tab under My Fave) at the outlet.,0
I do not want to protect my item,1
 Lighting,0
1 Left,1
Only 3 left in stock!,1
A very fun outfit for a less formal event like a sangeet! Husband said the bell bottom type pants were fun to dance in :),0
"Yes, I Want To Save Money!No Thanks",1
This size has only 1 left in stock,1
 Send Us Your Jersey ,0
Only 3 left,1
Hurry up! Discount Ends in DAYS HRS MINS SECS,1
"6,743 people have viewed recently",1
"No thanks, I don‚Äôt like saving money.",1
Black Jeans,0
"Don't snooze, only 1 left",1
 Loyalty Points ,0
Only 3 left.,1
"Sabrina in Paraparaumu, New Zealand purchased a SCHO-KA-KOLA Schokakola energy Chocolate caffeine snack food MRE caffeinated ",1
User interface customization persistent cookies are used to store a user‚Äôs preference regarding a service. Please note that these cookies are exempt from consent.,0
No thanks - I don't want to save money,1
You might also like,0
 Personalised Chocolates ,0
Viewed 744 times today,1
Someone bought: HYPE BLUE LARGE SPLAT KIDS LEGGINGS,1
"No thanks, I want to pay full price",1
Whoops! ,0
10 Left in stock,1
HURRY! ONLY 2 LEFT!,1
Boys Purple School Uniforms,0
"Hurry, only 1 left in stock!",1
 Data Processor Privacy Policy: https://cookieinformation.com/cookie-and-privacy-policy ,0
Would you like to purchase an Extended Protection Plan?,1
Computer Accessories,0
Celebrity Synthetic Wigs,0
"No Thanks, I Don't Like Saving Money.",1
"Sayeeganesh in Chennai, India just bought Dhoni the Finisher T-Shirt an hour ago",1
OFFER ENDS: 09h: 09m: 55s: 0 ,1
Platinum-Dipped Rose,0
Straight Hair Extensions,0
 Subscribe! Don‚Äôt be caught empty handed ,0
Use the domain shortly after payment,0
Someone in Mount Louisa bought a Coleman Folding Table & Bench Set 2 minutes ago,1
Purchase protection added,1
Your order has been reserved for,1
RECENTLY VIEWED 2 others viewed this in the last few hours,1
 VIP Points! ,0
 Mixed Wine Cases ,0
Bathroom Lighting,0
Limited-time Offer: Bundle a base and get 20% off,1
"Weight Management Shakes help cut cals, control appetite, and drop LBS.* Learn more about Weight Management Shakes.",0
What's New By Category,0
 cm in ,0
"Ken in Three Bridges, United States purchased All Zebrawood + Olive Ash",1
Only 4 left in stock,1
1 day 08:15:25,1
 dFresh - Fresh Products ,0
72% offers claimed. Hurry up!,1
"Bobby in Decatur, United States just purchased",1
"Natalie in Graham, United States purchased a FREE BTS Answer Magic Pillow about 1 hour ago",1
LIMITED TIME LEFT! 00 : 46 : 11,1
 ‚Ç™ ILS ,0
"Someone in Byron Bay, NSW just bought",1
Chirag in Anoopshahr just got the JAYS - a-JAYS One+ about 17 minutes ago,1
 Best-Selling Products ,0
LIMITED TIME OFFER,1
View All Home Accents,0
"No thanks, I don't want discount",1
87% offers claimed. Hurry up!,1
Root Touch Up + Brow Filler,0
"No Thanks, I don't want official software at the best price.",1
Hurry! Only 6 left in stock,1
"Now 30% off - hurry, limited time offer!",1
Share this product,0
 shop all ,0
 Products ,0
Other Applications,0
35% OFF EVERYTHING* EXCL SALE & BEAUTY ENTER: DOLL35 - HURRY! ENDS IN  16H 59M 06S,1
00DAYS07HOURS09MINUTES39SECONDS,1
00DAYS00HOURS14MINUTES21SECONDS,1
üî•üëÅÔ∏è 1 person is viewing this.,1
 EVO SP All EVO SP parts and accessories ,0
Congratulations! You qualify to receive Rechargeable 10-Function Bullet Vibe for FREE!,1
"1 left, order now!",1
2 people are looking at this listing now,1
8 people are looking at this artwork,1
Combination,0
Summary,0
Lace Front African American Wigs,0
"No thanks, I‚Äôd rather pay full price.",1
"NO THANKS, I DON‚ÄôT WANT 15% OFF",1
 help@postergully.com,0
"2,229 people have viewed this item",1
* Limited Time Offer *\nFREE\nTLPWR1 Test Leads!,1
ONLY 5 LEFT IN STOCK!,1
 Naked Wolfe ,0
5 LEFT,1
 Salt Bender Tank and Shorts Combo ,0
Cart will expire in 08:19 minutes!,1
 Apple iPhone X ¬ª ,0
LAST 1 LEFT,1
38 people are viewing this,1
2 DAYS 13:06:13,1
Thermostats,0
41 people have looked at this in the last couple of hours,1
"No thanks, I don't like getting free stuff.",1
OFFER ENDS IN: 00:32:04 TIME IS RUNNING OUT!,1
You can either livechat or email our support team with any questions or concerns. We are always ready to help. ,0
9 sold in last 4 hours,1
"Someone in Tornado, United States just bought Fresh Melon Menthol 2 hours ago",1
Brandon Blackwood,0
"No Thanks, I prefer paying full price.",1
 I love this phone case! üòç #phonecase #hiraeth #appleiphone #apple #rosegold #loveit ,0
 Articles: Medical Matters ,0
"No thanks, I just want the item",1
" Paper, Pads & Blocks Toggle category Paper, Pads & Blocks ",0
Hurry! Only 6 left in stock.,1
I wish to Start Shopping but I don't want to receive daily email alerts about your amazing discounts on luxury brands.,1
ENDS IN - Flash Offer - TWO PAIRS OF SHOES FOR $319 PROMO CODE AUTO-APPLIED AT CHECKOUT! 0 Days : 16 Hours : 09 Minutes : 57 Seconds,1
"Hurry, only 3 left!",1
"Sign Up To Our Newsletter To Receive News, Offers And Promotions.",0
 MIN Twins ,0
25% OFF SELECTED JACKETS Limited Time,1
"Someone in Paris, France just purchased a Kanpeki Knife Set",1
"Mounif in Pittsburgh, United States purchased",1
Subscribe & Save,1
 Menthol Flavors ,0
" Synthetic nicotine | Strawberry, kiwi & pomegranate ",0
"Someone in Flemington, United States purchased Anti-Aging Eyelid Tape (Contains 100 Strips) Just now",1
2 items left,1
Brand Directory ,0
308 viewed per day,1
Only 2 left,1
View Alternatives,0
 Cases for Magsafe Refine by Product Type: Cases for Magsafe ,0
LIMITED TIME ONLY 10 OFF 50 SPEND NEW CUSTOMERS ONLY - TERMS & CONDITIONS APPLY,1
ONLY 4 LEFT IN STOCK,1
"No thanks, I don't like saving money",1
Limited time - Free Shipping on all orders*,1
5338 people viewed this in the last hour,1
 Summer Casual Printed Short Sleeve T-Shirt ,0
Only 1 Item Left!,1
Only 7 left,1
NFL Enterprises LLC. All Rights Reserved.,0
5338 people bought this,1
2 left in stock,1
Sale ends soon,1
"No thanks, I've got too much cool Glock stuff!",1
 newsletter signup (privacy policy) ,0
Limited Time Offer,1
Ask a Question,0
7 customers have this in their basket,1
 Please try again ,0
only 7 pieces left,1
Shotgun Bore Mops,0
"Someone in Madrid, Spain just bought",1
 Don't leave without taking discount ,0
We may also disclose your information to third parties who may contact you with details of other products and services which may be of interest. If you do not want your name and mailing details made available in this way please email opt-out@nextdirect.com,1
Only 7 left in stock.,1
Will sell out fast!,1
We have 1 left in stock,1
"For instance, we use cookies allowing us to remember information provided by the users from a page to another, choices made by users and information provided by users (name, language preference, country of residence‚Ä¶). In particular, we use the following functional cookies: ",0
Sellout risk:,1
"Want more inspiration and styling tips? Dive into The Southern Edit, Southern Tide‚Äôs lifestyle blog, and follow us on social media. ",0
Blonde/Bleached Hair:¬†All colors look great. Silver won't be prominent on bleached hair though.,0
1 in stock,1
New In Special Occasion,0
 Temple Locks ,0
Cargo Trousers,0
 Subscribe To Us Subscribe ,0
"Synne Kristine in Halden, bought Classic Bokksu Subscription (Billed Every 1 Month) (Ships every 1 Months) about 45 minutes ago",1
Hurry! Only 1 left!,1
 Microsoft Xbox One S Wireless Controller ¬ª ,0
"Someone in Chambersburg, Pennsylvania purchased",1
Not sold separately,0
Royal Python Vivariums,0
"Someone in Vancouver, Washington purchased a Orthofeet Men's Orthotic Insoles about 38 minutes",1
"No Thanks, I don't want a discount",1
Only 1 left in stock - Order soon,1
üî• 2 people are looking right now,1
Plant-based Protein,0
Limited Time!,1
 E-Gift Cards ,0
HOW TO MANAGE SIDE EFFECTS,0
Earn FanCash on all purchases!,0
Your order is reserved for 09:43 minutes!,1
 Data Processor Privacy Policy: https://casalemedia.com/ ,0
Shop By Brands,0
"Someone from Cape Town, Western Cape, South Africa just started buying Packable Travel Duffel Bag! 5 minutes ago",1
Interactive Tent Finder,0
I always order from them! Such good quality for the price you pay! Will always be back!,0
52 people have added this product to bag in the last 72 hours,1
LCD Ribbon Cables,0
Carpet Python Vivariums,0
3 people are looking at this product,1
"803 Claimed! Hurry, only a few left!",1
Optics and Mounts,0
LAST CHANCE - UP TO 70% OFF - ENDS IN: 20 HRS 28 MINS 30 SECS,1
Last chance! Only 1 left,1
ONLY 4 LEFT,1
"No, I don't want a discount",1
Someone in Canberra purchased\nADV.2 (Austracantha) about 41 minutes ago,1
MyStore,0
about us,0
Discreet packaging,0
 Brand case & cloth included ,0
"Leah Rich in Louisville, United States purchased a",1
No thanks. I'd rather pay full price.,1
Availability: In Stock Hurry! Only 8 Left!,1
"1 Netflix offer: Not available to customers with an active Netflix offer from Vodafone. Available only on Red+ Lite, Unlimited, Red+ Essentials and Red+ until the 8th of August 2019. Exit fee of $60 applies if you exit or transfer your plan before 6 months. Plan exit fees may also apply. Netflix Offer: One year Netflix ‚ÄòStandard‚Äô plan ($14.99 a month) credit will be applied to your Netflix account on activation. At the end of your credit, you will be charged at your Netflix plan rate unless you cancel your Netflix subscription. Cancel Netflix at any time. Netflix compatible device required. See eligible plans and full Netflix terms.",1
"No thank you, I prefer to pay full price",1
Your order is reserved for 08:48 minutes!,1
Blankets Throws,0
 Food ,0
"We'd like to keep you informed via email about product updates, upgrades, special offers and pricing. If you do not wish to be contacted via email, please ensure that the box is not checked.",1
Clearance Optic Accessories Deals,0
"Someone in Kilwinning, United Kingdom just bought Cuban Link Chain Bracelet",1
"Be part of the best family ever & enjoy 15% in VIP Benefits on every order, every day. That's 10% Instant Savings plus 5% back in Rewards Cash on everything. Plus, enjoy 90 days to test run your shoes, socks, and insoles. And so much more! Join today for just $1.99 your first year.  ",1
Sexy A Line Short Sleeve Sequins Off-the-shoulder Floor-length Mother of the Bride Dress with Split Front,0
Footwear Accessories,0
"The site was easy to navigate. I haven't received my shoes yet, but overall a good experience.",0
I agree to receive marketing emails from Natural Life and agree to our Privacy Policy and terms of use.,1
436 users are currently active on our website Just now,1
"Jacob in Seymour, Wisconsin, United States purchased a Bass XL just now!",1
Men's Accessories ,0
3 left,1
Great for keeping track of your pup while at work,0
Hurry up! Only 11 items left,1
LIMITED TIME: FREE SHIPPING LOWERED TO ORDERS OVER $69.95!,1
Crochet Baby Patterns,0
"$3,159.20 $3,949.00 Limited time only",1
 Alchemy Books ,0
IN 43 PEOPLE'S SHOPPING BAG,1
Plus Size Graphic Tops,0
Less than 6 items left,1
How about these?,1
 Baby & Toddler Toys ,0
 Lawn Mowers ,0
Only 8 left in stock,1
Traditional Snacks,0
Only 5 left!,1
Jamie from Eloy United States purchased a CBD Oil Vape Additives 4 Pack About 7 hours ago,1
Only 2 Left in Stock,1
 Sign In With Google ,0
only 5 left,1
Don‚Äôt worry. We‚Äôve got your back.,0
Focus remotes,0
Flowers Trivia:,0
Cap Construction,0
Screen print graphics,0
"No, thanks, I¬¥d rather pay more",1
LIVE REMAINING STOCK,1
"ONLY 5 LEFT, ORDER SOON!",1
Limited quantity available,1
"No Thanks, I rather pay full price",1
Only one left in stock - order soon!,1
"No, I don't feel lucky",1
Only 1 left in stock,1
Limited Time Only! 20% Off,1
Really good quality contacts and they work well on my eyes. Would definitely order again!!!!,0
"Get inspiration, new arrivals and the latest offers to your inbox.",0
Only 3 Left,1
Less than 10 left in stock,1
Purchased 8 times in the last few days.,1
Hurry! This special sale ends in 2h 42m 0s,1
"Fancy some creative inspiration, news and offers? Sign up for SAA enewsletters today.",0
Camo Shirts & T Shirts,0
1 left in stock. Hurry!,1
Brand ,0
Diamond Nose Studs ,0
Bath Bombs & Salts,0
"NO, I DON'T FEEL LUCKY",1
Stay on Next.co.uk,0
Your cart is reserved for 09:35 minutes.,1
1 people bought Jotter To Do Refill in the last few hours,1
Every Purchase Helps Your NRA:,0
Elegant A Line Short Sleeve Satin Bateau Floor-length Mother of the Bride Dress with Ribbon,0
Arrow,0
"Location: Kansas City, MO",0
I'd rather not save,1
Limited Time: $10 Off! Discount Reflected In Price!,1
 Data Processor Privacy Policy: https://videoly.co/privacy-policy ,0
"For a limited time, buy 2 Hydroxycut Hardcore Elite, 30 Servings for $30!",1
Only 10 left in stock,1
Hurry up! Only 4 left in stock,1
Select your size below and we'll email you if it comes back in stock!,0
Free Embroidery Patterns,0
FREE SHIPPING FOR A LIMITED TIME | PRICES ARE IN USD AND INCLUDE ALL IMPORT DUTIES.,1
SUPPORT THE AMERICAN SUPRESSOR ASSOCIATION,1
Hurry Low Stock,1
No thanks. I love chaos!,1
JFN Ladies Flat Embroidered Slip-On Dirty Shoes Vintage Thong Sandals,0
"Shopper from Saint John, NB viewed Lenovo ThinkCentre M710t 10M9000RUS Desktop Computer 3 minutes ago!",1
3 people bought this item last week.,1
"You may cancel your Minted More membership at any time by contacting Minted Customer Service at www.minted.com/help. If you cancel your membership before your Minted More gift box has shipped, we will refund your full membership fee; provided that we may charge you (or withhold from your refund) the value of Minted More discount benefits used by you and your account prior to cancellation. If you cancel at any other time, your membership fee is non-refundable.",1
4 items left,1
Set SALE Into¬†Summer ,0
 Midleton Very Rare ,0
 Also notify me about New Arrivals! ,0
"IBKUL Solid Mock Neck Half Zip Pullover purchased from Clinton, MD, US 1 minute ago",1
 V&A Collection People Tree‚Äôs collaboration with the Victoria and Albert Museum offers a stylish and contemporary capsule collection which celebrates the beauty and variety of pattern which the London museum is renowned for. ,0
LIMITED TIME DEAL!,1
or,0
 TV & Home Appliances ,0
Select Occasion close,0
 Amethyst Beads ,0
5 people are looking at this product right now,1
ONLY 1 LEFT IN STOCK!,1
What could have caused this?,0
"Only 1 left , In Stock",1
9 people are currently viewing this product,1
Hurry! Only 4 left in stock.,1
No thanks. I don't like free things...,1
Flat Iron,0
ONLY 4 LEFT!,1
Occasion: Anniversary,0
 View All Home Office Furniture ,0
Only A Few Left,1
"Hurry, before it is gone! Limited time remaining!",1
Skin Concerns,0
Rebecca in Buffalo just bought Sateen Twill Swatchabout 1 hour ago,1
"No thanks, I don‚Äôt like fun and games.",1
ON SALE: Select Seasonal T-Shirts only $19.99! Limited time only! Save Now!,1
20% OFF VALENTINE\u2019S DAY FAVOURITES * | LIMITED TIME ONLY,1
RegionBracket Right,0
Submitted by Fermin Larracilla P√©rez,0
 Wife ,0
"No Thanks, I'll let this offer sail away",1
Kimberly R.,0
"Trey in Sparta, United States purchased Stealth Angel Ultra Lightweight & Portable Sleeping Bag about 45 minutes ago",1
"I‚Äôve read and accept the terms & conditions * , I also authorize Bosley to contact me by phone or text utilizing automated dialing equipment, as well as by email or mail with information about appointments, products, services, news or promotions. I also agree to Bosley's Terms of Service. Otherwise, call Bosley at 800-985-6405 to request your FREE information kit or to schedule your FREE no-obligation consultation.",1
Kinky Curly Wigs,0
"Abbie in Calwell, Australia purchased Shark Bite Socks about 1 hour ago",1
Sale Ends in 5 days 14 hours 42 mins 53 sec,1
Only 1 piece left.,1
4 SEATS LEFT,1
Black Jewelry,0
Free Shipping On Orders Over $49* - Limited Time Only,1
" ... It covers love and loss, friendship and pain through ",0
 sales@scandinavianoutdoor.com ,0
ONLY AVAILABLE FOR A LIMITED TIME,1
"No, thanks. I'd rather pay full price.",1
Your AccountTrack Your OrdersJoin Celebrations Passport,0
12 customers viewed this product today!,1
 Customer Support ,0
Complete your purchase within the next 12:18 minutes and receive 10% off,1
lego harry potter,0
"Order now, only 2 left in stock!",1
American Diamond Earrings,0
"Hurry, only 302 left.",1
View All New Arrivals,0
Shop by Activity,0
Hair Color + Highlights,0
Act now and save $12.99. Limited time only!,1
Wireless Microphone,0
"ADHD Friendly Profile: this profile significantly reduces distractions and noise to help people with ADHD, and Neurodevelopmental disorders browse, read, and focus on the essential elements more easily.",0
NRA Annual Meetings & Exhibits,0
 Cable Winders ,0
CUSTOMER SERVICE,0
Only 1 left in Stock,1
Feeding Nightwear,0
DEAL ENDS IN 40:55:13,1
Epilepsy Safe Profile: this profile enables people with epilepsy to safely use the website by eliminating the risk of seizures resulting from flashing or blinking animations and risky color combinations.,0
"Ashley in Auburn, United States purchased a Check Plz iPhone X/Xs Case about 24 minutes ago",1
Oxfords & Loafers,0
"These cookies are necessary for the website to function and cannot be switched off in our system. These cookies are usually only set in response to actions made by you which include a request for services, such as setting your privacy preferences or logging into your account.",0
Hand & Foot Skin Care,0
Only 1 left.,1
Readers looking for some old-fashioned storytelling with a sprinkling of magic will find it here. ,0
Keep up with crankbrothers,0
Accessibly App features,0
Returns an Item,0
Switchers,0
Casual Sheath Chiffon Sequins Straps V-neck Sleeveless Bridesmaid Dress,0
Long and Tall,0
 Candy & Snacks ,0
Hair treatments,0
24 people have purchased this wine today,1
A customer service specialist will contact you soon.,0
 VUSE Alto Menthol Pods ,0
" This site uses cookies to provide and improve your shopping experience. If you want to benefit from this improved service, please opt-in. ",0
HURRY UP > 09H 42M 39S,1
Only 2 units left in stock,1
Over 238 people have bought this product,1
BROKEN REMOTE? FIX IT YOURSELF AND SAVE HUGE,0
"No Thanks, I'll Pay Full Price",1
Low in stock: only 2 left.,1
8 people have this in their bag right now.,1
 Shop By Shape ,0
Selling fast! Add to bag 7 times in the last 48 hours.,1
Only 2 left in stock,1
ONLY 5 LEFT,1
"In stock, only 1 products left",1
Towel Rails & Racks,0
4 bought in the last 24 hours.,1
Football,0
"N++ is all about using your momentum to complete levels and get high scores, but in this sci-fi world, there‚Äôs a slew of inadvertently homicidal enemy robots trying to prevent you from completing your goal.",0
"Flash Sale Alert! You can now buy Utorch Corridor Porch Aisle Lights from Gearbest.com for only $7.99 (47% off). Hurry up, limited time offer!",1
"Tyler in Norwalk, United States purchased a",1
Kick those cravings,0
10 Left,1
"No thanks, I‚Äôd rather pay more",1
Only 7 left in stock!,1
take me back to shopping,0
 Buy Tablets ,0
 Data Processor: Amobee ,0
"James in Cashion, Oklahoma just bought Glossy Black Brick Geode / Amber Gradient Fast Lanes",1
 Gift Cards Collection ,0
ONLY 1 LEFT! GET IT NOW!,1
HomeFlowersColourful Mixed Roses Bouquet,0
Be the first to get updates as well as access to exclusive offers and promotions,0
HURRY! ONLY 1 IN STOCK!,1
Shopping with JD,0
"When you join the PetPlus Plan, you are given the option to purchase your membership on an annual or monthly basis and you are automatically enrolled in our recurring billing program. You may cancel at any time by contacting our customer service team, but you will not be refunded for any unused days on your membership if you choose to cancel prior to the end of your billing cycle. You may cancel your PetPlus membership at any time without penalty if you have not utilized any of your PetPlus benefits (including discounts on products and/or services). For customers charged on a monthly basis, if you have purchased products or used services using your PetPlus benefits, we will charge a $25 administrative fee per membership cancellation if the membership is cancelled within three months of enrollment.",1
31 have it in their cart,1
Less than 7 left!,1
 For Wife ,0
Checkout within 04:10 so we don't run out of stock!,1
Only 9 left,1
Shop the Look,0
Collegiate Shooting Programs,0
Boys Red School Uniforms,0
1044 sold in past 12 months,1
All Girls Clothing,0
"No thanks, I don't like discounts",1
Newborn & InfantYouthAdjustableFlexSnapbacksSale Items- View All -,0
¬†Join NRA or Renew,0
HURRY! 3 left in stock!,1
 Ireland EUR,0
I don't feel lucky,1
"Sign up for the latest updates, products and offers",0
Only 1 Item(s) left,1
 Tony Bianco ,0
9 people are viewing this.,1
"Howdy stranger, looks like your trail has hit a dead end.",0
Only 14 left in stock,1
"Chelsea in Burlington, Wisconsin bought Take Out The Boat Jumpsuit, Blackabout 13 minutes ago",1
"Jeremy in Stockton, United States purchased a",1
Hair Care Remedies,0
92 customers bought this in the last 48 hours,1
"No Thanks, I like paying full price.",1
Terra - Medium Brown,0
Almost Famous Jeans,0
Only 8 item(s) left,1
(Only 1 Left),1
Quick Navigation,0
 Contact Lens Washer ,0
Only 4 Left!,1
Engine Cooling System,0
 EDC-V Megalodon Bottle Opener - Brass (Exclusive),0
Here to help,0
 Hairy Chest T-Shirt And Shorts Combo ,0
Men's Sports Bottoms,0
Hurry! Only 2 left!,1
Hurry up! 22 people other than you have this product in their cart,1
Your order is reserved for 09:14 minutes! ,1
Toddler Boy Underwear and Undershirts,0
Hurry Up ! Just 2 Items Left in stock,1
11 11 Hours: 00 22 Minutes: 3223 3223 Seconds Sale Ends Once The Timer Hits Zero!,1
3Days01:49:51 Left,1
Lack Of Color,0
"Check your orders, in-store quotes & more",0
3 people are looking at this item right now,1
 Landofcoder can power almost ANY marketplace you think of,0
Only 4 left In Stock,1
Don't miss out on this item! There is only 1 left in stock.,1
Printed ,0
273 units sold in the last 30 days,1
 LOGO BLACK ,0
LIMITED TIME OFFER! FREE SHIPPING OVER $99 + FREE RETURNS*,1
OH SO POPULAR! 21 bought in the last 7 days.,1
Sara from Philadelphia just saved $68 on her order.,1
 Champagne Taittinger ,0
"BERNARD in Philadelphia, United States purchased a",1
"No thanks, I hate cool stuff",1
ONLY 7 LEFT!,1
Boys Shorts,0
Only 1 left In Stock,1
Sports ,0
Hurry! Only 2 left,1
Art & Crafting Tools,0
"NO, I'D RATHER PAY FULL PRICE",1
Someone in Bacchus Marsh bought a Noosa Basics Deodorant Stick - Sensitive (60g) 27 seconds ago,1
 Brass Shankh ,0
 Low Price Guarantee ,0
Rate & Review ,0
I absolutely loved it! It made everyone laugh and my desk gets an obscene amount of compliments for it. The quality is superb! I am now definitely going to be a loyal shopper at PosterGully,0
"Sorry, this is out of stock. You just missed it.",1
My Story,0
"Trey in Columbia, United States purchased Leather Cord Capsule",1
"No Thanks, I Don't Want a Discount",1
Your order is reserved for 09:35 minutes!,1
"No thanks, I'll still want to pay full price",1
FRAMON #2 Code Machine Offer - Limited time offer!,1
Hurry! Only 2 left at this price!,1
 Jumpers + Sweaters ,0
Free People,0
Point & Shoots,0
Someone from purchased a HOLEES Original Ladies II - Navy About 9 hours ago,1
2 viewed per hour,1
Mens Footwear,0
" to resolve the issue, or ",0
ONLY 1 ITEM LEFT!,1
Offer ends 0Hours:04Minutes:46Seconds,1
 Rechargeable ,0
I accept the Terms & Conditions of the FREE Brother Care Program and agree to receive exclusive offers and general promotions from Brother. I may withdraw my consent at any time.,1
 BACK TO TOP ,0
Website Accessibility,0
Items reserved for 15:00,1
Frequently Asked Questions,0
 Highlight Hover ,0
"No thanks, I don't like promotions and exclusive content.",1
Arthritis Aids,0
ONLY 1 LEFT IN THIS SIZE,1
 Redirecting to Futech Deals for secure checkout... ,0
3 Left,1
only 2 left in stock,1
Only 867 left,1
Only 5 Left in Stock. Buy Soon!,1
Please Order Within: 0 0 : 0 2 : 4 1 : 10 65,1
"No, I Don't Like Discounts",1
Leslie in USA just Purchased Special Design Exclusive Handmade Silver Ring,1
5 items left,1
We only have 5 left!,1
Covered all grays,0
 By Doug,0
"Hurry, only 2 left in stock!",1
 A-Z Luxury Brands ,0
"This genuine Spanish espadrille impressed our buyers so much they ordered them in a variety of gorgeous colours. With its uncomplicated design, plush leather sole and a practical platform wedge, you'll have a hard time getting through the warmer months without them. They're perfect for the beach, casual weekend barbeques or brunch with the girls.",0
Vintage Fancy Red Bracelet Watch Women's,0
FANSTASTIC DEALS,1
Men's Pullover Sweaters,0
This chart should be used as a guide only. Due to each manufacturer‚Äôs size scale inconsistencies may occur.,0
Only 1 left in stock.,1
"No thanks, I prefer to pay full price.",1
Felizer Designer Diamond studded Round Dial Metal starp watch for Women & Girls - Silver (Heart design) Analog,0
"Someone from Menlo Park, California just purchased Electric Skateboard Motor 6374 190KV.",1
Hugs and Kisses Rose Bouquet $44.99 Discount -$6.75 Delivery $13.99 Tax $3.46 Item Total $55.69,1
Devices ,0
"By clicking ‚ÄúAccept All Cookies‚Äù, you agree to the storing of cookies on your device to enhance site navigation, analyze site usage, and assist in our marketing efforts. ",0
*** Get 50% Off Your 2nd Case OR a Canopy Screen Protector *** A 50% OFF discount will be automatically applied to the lowest priced item in your cart when you check out with more than one item! (excludes Clearance items) Click to Choose Another Item,1
" well, this is awkward. ",0
NEED ADDITIONAL HELP?,0
 View All Parts ,0
"No Thanks, I Prefer Paying Full Price.",1
Hurry! Only 7 left in stock.,1
"SALE ENDS IN 19 DAYS, 9 HOURS, 50 MINUTES, 54 SECONDS",1
[new-troh-pick],0
"No thanks, I don't like winning",1
Why I chose this:,0
 Motocross Gloves ,0
"We are one of the best online printing technology & solution company successfully serving local and international customers to cherish the joy, love and precious moments in life with various products. Being an instrument to spread your joy and love in a beautiful way we take pride in providing the best quality services. ",0
Rainbow Li,0
Hype. Home,0
 Italy ‚Ç¨ EUR ,0
Popular item! üî• 27 people recently purchased this.,1
Only 16 Left in Stock!,1
LIMITED TIME ONLY,1
1 person is looking at this item.,1
Golf Remotes,0
Only 9 units left in stock online.,1
 Ôòí ,0
Prices shown for delivery to JAPAN Change delivery country,0
Sale Clothing,0
 Please click ,0
Memory Cards,0
 Shop All NFL ,0
2 in stock,1
 Football Boots ,0
Security Cameras,0
Read More ,0
KidsAuthentic,0
Limited Time Only - Up to 30% OFF Freshwater Plants! SHOP NOW >,1
"The presence of flowers is enough to make any occasion or moment truly a memorable affair. Flowers can make an ordinary room extremely beautiful. Flowers are widely used in decorations, as gifts, or even as ornaments on various dresses. People can explore a variety of fresh vibrant flowers such as roses, tulips, orchids, carnations, sunflowers, chrysanthemums and a lot more through the help of our online gifting store. All these beautiful flowers will be delivered at your desired destination in blooming condition only. With an unmatched beauty and fragrance, these gorgeous and lovely flowers can easily mesmerise any individual in an effortless manner.",0
Lasers ,0
4 people have purchased this item,1
I'll Shop Without A Discount,1
Call It Spring,0
 Use a clean vase and clean water.,0
Only 20 left,1
SELLING FAST! GET 10% OFF THIS ITEM. ACTIVATE NOW.,1
Only 1 left in stock!,1
74% offers claimed. Hurry up!,1
only 5 left in stock,1
Great choice!,0
 Price Low To High ,0
"Free Upgrade, Limited Time!\n*DISH Install Not Available*",1
"NA-KD, White",0
 SHIPPING INFO ,0
 We value your privacy We use cookies to improve your website experience. We also use third-party cookies for marketing purposes. Learn more. ,0
SAVE 10% On All Orders. No Voucher Code Needed Expires in 18:07:59.,1
"Easy, awesome! ready to go. Held a charge first night",0
"Ketolent subscriptions have no long term contracts. Pause, cancel, or change at any time. Want to swap Vanilla for Chocolate, or set up to renew every 3 weeks? No problem! Send us an email to help@ketolent.com and we'll make the change for you.",1
"Hurry, only 2 left in stock",1
"Crystals are alive. Born inside Mother Earth, crystal energy can be felt just like heat or cold. For chakra training to astrological remedies, discover healing crystals.",0
 Military Discount ,0
Last one available,1
 #CERTIFIED_FACE_MASKS ,0
OUR BEST SELLING GOGGLE,1
218 people have added this item to cart,1
In Stock - Limited Quantity,1
Activate within 0:30:00,1
Someone in United States just purchased a,1
Color Block,0
"Annie in Cheras, Malaysia just bought: An Abundance of Flowers - Van-Go Paint-By-Number Kit",1
 Sold out ,0
+ Performance Cookies,0
Only 2 items left,1
Radio and GPS Pouches,0
Only 1 items left in stock!,1
View your order history,0
CareersAbout UsAffiliatesPrivacy SettingsAdvertise with usHelpSite map,0
Limited stock!,1
Bottoms Deals,0
 You can change your preference here Shop for Select an age ,0
Special sale ends in,1
161 people have viewed this item,1
How Do Our Crystals Looks in Real Life?,0
2 PEOPLE HAVE ADDED THIS ITEM TO THEIR CART TODAY,1
Your order is reserved for 09:45 minutes!,1
"If you click continue below we will be happy to tell you about discounts, money off and new products from Very by e-mail and text,
unless you tell us you DO NOT want to hear about them, by ticking here.
If you would like to receive offers from carefully selected 3rd parties, please tick here",1
Boxster Remotes,0
" This product can expose you to chemicals including Hexavalent which is known to the State of California to cause cancer on birth defects or other reproductive harm. For more information, visit ",0
"We will also send you an additional email confirming your renewal. Should you elect not to renew your Membership, you may cancel at any time prior to the renewal by emailing us at passportmembership@1800flowers.com and your credit/debit card on file with us will not be charged. A confirmation email will be sent to you. If you email to cancel after your Membership has been renewed, your credit/debit card will have been charged the then current paid annual membership fee for the Passport Program, however you may request, and 1-800-Flowers may grant, a pro-rata refund within its sole discretion based upon the extent that you may have utilized the benefits of the Passport Program and the period of time remaining on your paid Membership.",1
Choose which store you would like to visit,0
"EastwoodModern, sleek and enchanting, the Eastwood Collection provides comfortable seating while still looking mid-century magnificent.",0
Order without free membership $69.95,1
VIP OFFERS END 00:54:59,1
Gift Wrapping Supplies,0
(ONLY 1 LEFT IN THIS SIZE!),1
Heat Mats & Strips,0
Only a few left,1
COMBAT GEARHot,0
Áï∞Ê•≠Âêà‰Ωú Cooperation,0
Your order is reserved for 29:52 minutes!,1
Country (Optional),0
Offer ends in 9hrs 55min 29sec!,1
Only 14 left!,1
227 Bought Already,1
Pedal Refresh Kit - Doubleshot,0
39 recently purchased it,1
"If you wish to cancel your subscription, you can email us at getflat@flattummyco.com",1
 Remove Product? ,0
I am very pleased with the service I received.,0
Hurry! Only 9 left in stock.,1
"No thanks, I‚Äôd rather not win.",1
" Born for adventures across land, desert, and ice. Cruise over Tarmac-free roads or adapt it to be your 'do anything' commuter. ",0
2+ people just viewed this product,1
"Save 25% on your entire order 09 Hours 57 Minutes 34Seconds use code: SPRING25""",1
Ericdress Round Neck Three-Quarter Sleeve Mid-Calf Pullover Fall Women's Dress,0
"When you visit any website, it may store or retrieve information on your browser, mostly in the form of cookies. This information might be about you, your preferences or your device and is mostly used to make the site work as you expect it to. The information does not usually directly identify you, but it can give you a more personalized web experience. Because we respect your right to privacy, you can choose not to allow some types of cookies. Click on the different category headings to find out more and change our default settings. However, blocking some types of cookies may impact your experience of the site and the services we are able to offer. ",0
 Colored Contact Lenses ,0
143 BOUGHT,1
Only 14 left,1
 Base Layer & Thermals ,0
Transmission and Driveline,0
Price Guaranteed For DAYS/HRS/MINS/SECS,1
Deals of the Week,0
Only 11 left!,1
Tapestry Guide,0
"You may cancel or renew your membership to the VIP Program or find out more information about your VIP Program subscription, including your annual expiration date, by contacting support@grove.co.",1
"50% OFF Everything (yep, even sale) + $5.99 Shipping* ENDS IN 12h 13m 56s",1
Grab yourself a bargain!,1
 Read the FAQ ,0
commonpandacom@commonpandacom,0
üî• 9 people are viewing this.,1
Only 13 left!,1
only 1 in stock,1
Only 498 left,1
407 customers have viewed this item recently,1
Custom Kids Headwear,0
#6 Bestseller in Rugs This item was viewed 92 times in the last day.,1
BE QUICK 00:57:33 DON'T MISS OUT,1
"Members may cancel their Membership at any time during their Membership term and receive a full refund, less any benefits/savings received in their current Membership term (for example, Buyer‚Äôs Club Discounts received or free shipping). Refunds for completed years completed will not be made, even if the Member did not use any of the benefits during the Membership term. To cancel your membership, please contact our customer service department by contacting us at 1-800-375-3006.",1
Golf Shop,0
The Wizard of Oz,0
Limited time offer.,1
"No thanks, I don't like to save",1
Adjustable Cuffs With Inner Knitted Cuff,0
Boys Grey School Uniforms,0
Cowgirls,0
Your order is reserved for 09:58 minutes!,1
 Sports Bras ,0
Amazing service and quality! Lee up the excellent work.,0
Only 1 left in stock! Order soon!,1
Only 9 Left!,1
Hurry up! Sales Ends in DAYS HRS MINS SECS by Beeketing ,1
Only 4 left,1
Baby Boy Jumpsuits and Rompers,0
Send as giftexpand_more,0
 How to Recycle ,0
High demand,1
Only 2 left in stock. Make it yours.,1
Holland Cooper,0
16 recently purchased it.,1
 JOINT Oil ,0
 View all Ink categories ,0
Media Players,0
Hurry !! Only 52 left in stock,1
Hair Bundles With Closure,0
Anaheim DucksArizona CoyotesCalgary FlamesChicago BlackhawksColorado AvalancheDallas StarsEdmonton OilersLos Angeles KingsMinnesota Wild,0
"Awhi from Hicks Bay, Gisborne, New Zealand just bought",1
Spin to unlock your mystery offer,1
 Dry Direct Incontinence Personal Care Daily Living Safety Bedroom Nutrition Mobility Lift Aids Medical Supplies Plus Size ,0
I'LL PAY FULL PRICE,1
Trending now! Added to basket 490 times today,1
1 in Stock,1
"Nice choice. Did you know you‚Äôre missing out on these deals with the item in your cart. Suit + Shirt + Tie now $599.99* - Shop Suits, Shirts and Ties Or Get 2 Suit Packages for $1100*",1
Uncheck the box if you prefer not to receive email updates.,1
 PopTop Refine by Product Type: PopTop ,0
 Light powerful. ,0
Baby Cross Stitch & Embroidery Patterns,0
"No Thanks, I don't like exclusive deals.",1
 Supply & Demand ,0
"Hurry, limited quantities left!",1
"Matthew in Charleston, South Carolina just purchased The Puffy Lux Mattress",1
"No thank you, I prefer to pay for shipping.",1
78 Persons looking for this product,1
In stock | 44 left,1
 Nursery ,0
"NO, THANKS. I DON'T LIKE DISCOUNTS ",1
"Our website implements the ARIA attributes (Accessible Rich Internet Applications) technique, alongside various behavioral changes, to ensure blind users visiting with screen-readers can read, comprehend, and enjoy the website‚Äôs functions. As soon as a user with a screen-reader enters your site, they immediately receive a prompt to enter the Screen-Reader Profile so they can browse and operate your site effectively. Here‚Äôs how our website covers some of the most important screen-reader requirements:",0
Only 8 Left!,1
Terrarium Light Canopies,0
Shop Disposables,0
69 people are viewing this,1
Warning: Last items in stock!,1
"To start your return, simply click on the following button and add your return details. Once the form is filled, you will receive an email with shipping instructions for how to ship the item(s) to our warehouse.",0
 Menstrual Products ,0
 Tires,0
3642 BOUGHT,1
 ‚â° Filter Reviews Clicking on the following button will update the content below ,0
 Boardshorts,0
 This is a green tea without the bitterness. ,0
Short Sleeve T-Shirts ,0
Only one item left in stock!,1
660 people have viewed today,1
8 customers have bought today,1
 Books About Indian Culture ,0
Red Tops,0
2 left,1
Low in stock,1
Wait! Take 10% off Your First Order Deal Expires Soon!,1
"Customize your phone with hundreds of grips, cases, wallets, and more.",0
Code of Conduct,0
" Sorry, we could not process your request at the moment. Please try again in a few minutes. ",0
Low in stock: only 1 left.,1
Professional Color Tool Kit / Addons,1
Want Free Shipping?,1
104 people viewed this product recently!,1
View All Homeware,0
Someone in Faizabad just bought: Pretty Love Penis Sleeve 7 inch an hour 2 minutes ago,1
 First name * ,0
 Flex Mount ,0
88 PEOPLE VIEWED ITEM IN THE LAST 24 HOURS,1
 V-neck Printed Loose Short-sleeved T-shirt ,0
Delivery & Returns,0
 Accessibility statement ,0
New In Bottoms,0
23 People viewing this product,1
 Crossbody & Belt Bags ,0
BOTTLES LEFT 3,1
Please add products to see your site in action,0
LOW STOCK: Only 1 left.,1
Items in your cart are in high demand.,1
 Affiliate ,0
2 people have looked at this in the last couple of hrs.,1
ALMOST GONE - only 2 remaining!,1
"estiven in Deer Park, United States purchased PreWash‚Ñ¢ 4 oz",1
LIMITED TIME ONLY!,1
3 PEOPLE VIEWING,1
"Only 2 left, order soon",1
Hurry! Only 2 Left,1
 Electric Daisy ,0
Search Result:Search Results: ,0
LIMITED TIME OFFER MEN'S CHINOS & 5-POCKET PANTS BUY 2 FOR $59.90 EACH SHOP NOW,1
"Roommates agreement... need i say more? this is a great poster for the walls of any house that has more than one person living in it. if you're alone, get it all the same - it'll make you laugh at any given time :)",0
Going Fast: Limited Quantities Left!,1
"Oliver in Rotterdam, Netherlands purchased a England Away Soccer Shorts 2018 About 9 hours ago",1
Want a special deal? Bundle and SAVE UPTO30%,1
People also buy this with,1
Only 32 left in stock,1
Primary Arms Scopes,0
 Learn More ,0
 Home ¬ª ,0
Only 1 Left !,1
Canvas Wall Art,0
Did you know we have an app? Create shareable art and custom PopSockets designs with our unique image editing tools.,0
Someone in Spain purchased,1
Order Subtotal $19.99 Standard Delivery $12.99 Care & Handling $2.99 Tax $2.38 Total $38.35 Savings Today $10.00,1
 Polar Lights II ,0
40% OFF EVERYTHING* ENTER: 40PLT + FREE SHIPPING ON ALL ORDERS OVER $80 ,1
"[NO THANKS, I'LL JUST WALK]",1
 Butterscotch Cakes ,0
"Book picture is for illustrative purposes only, actual binding, cover or edition may vary.",0
 Write a reviewAsk a question,0
Clocks ,0
33 sold in last 12 hours.,1
"Don't miss out, only 2 left in stock",1
I already have this item. Do not add this to cart,1
ONLY 8 LEFT,1
 Title of Review ,0
Hurry! Only 2 left in stock!,1
Light Works,0
Last Shape Guide,0
 World of Sweats ,0
Livefood Subscription,0
"No thanks, I want to pay the full price.",1
Hurry Up ! Time is running out,1
$132.90 $99.00,1
Politics And Legislation,0
Hurry up! Prices increase in 0 DAYS 11 HRS 59 MINS 55 SECS,1
"NO THANKS, I DON'T WANT 20% OFF MY ORDER",1
Compare Products ,0
"To add to Wishlist, please register or sign in.",0
The best!,0
"Plus, get free shipping on your first order!",0
Build your own powerful multi-vendor marketplace website,0
"Jumpers, Shirts & T-Shirts",0
I'D RATHER PAY FULL PRICE,1
Would you like to buy more and save more?,1
Gear Up,0
"Hurry, Sale ends in 9 Hours!",1
Only 2 Left,1
 Chargers ,0
 Casual V-Neck Sleeveless T-Shirt ,0
My AccountSign-in to your account,0
 View All Mattress Accessories ,0
"Email us ASAP (like seriously) at getflat@flattummyco.com and we will do everything we can to update this for you. As soon as you order, we will send you a confirmation email so please check your details carefully.",0
"Hurry, only 1 left!",1
"894 Claimed! Hurry, only a few left!",1
Only 1 left in stock! Get in quick!,1
John Boos,0
MOST POPULAR,1
 Face Masks,0
"No thanks! I'd rather join the """"Pay Full Price for Things"""" club.",1
Baby Nursing & Feeding,0
Your order is reserved for 09:56 minutes!,1
 Gemstone softwares ,0
Only 3 available,1
12 recently purchased it.,1
 read you will want to read -- Five Book Group Favourites * Sunday Post *,0
FAMILY SHADE PACK | PICK YOUR PACK,0
 Shop ,0
Shipping Insurance Remove Insurance,1
No I'd rather not hear about exclusive offers and discounts.,1
"Mitchell H. Purchased a Dimplex IgniteXL 100"" Linear Built in Electric Fireplace",1
"Only available for a LIMITED TIME, so get yours TODAY!",1
Only 5 Left,1
 GeekVape Pursue a Healthy Vaping Experience ,0
 Plastic ,0
"HURRY, LOW IN STOCK!",1
2day 13:49:51 Left,1
"Mother‚Äôs Day is undoubtedly a significant occasion for all mothers. But, for the new moms, it is even more special. If you........... Read More...",0
jennifer just bought Rainbow Moonstone Healing Heartabout 6 hours ago,1
Cracked Nipples,0
Tree Frog Terrariums,0
ONLY 5 LEFT!,1
 ‡•ê Welcome to Devshoppe Sign In or Create an Account ,0
3 LEFT,1
"2,221 people have purchased this item",1
FilterSortFeaturedPrice: Low to HighPrice: High to LowAlphabetical: A-ZAlphabetical: Z-A,0
TWO FREE PILLOWS AND 30% OFF WITH PROMO CODE,1
JerseysPantsSleepwear & UnderwearSwim CollectionT-ShirtsSale Items- View All -,0
Womens Plaid Clothing,0
ONLY 1 LEFT IN STOCK,1
Used Leica Cameras,0
 Bra Panty Set ,0
Lenscap: Damage Only,1
Order in 13:16 to get $200 off your mattress,1
 Black / White Refine by Color: Black / White ,0
Hayden near Princeton just bought!!!: CBD VEGAN GUMMIES,1
 Summer Simple Breathable Socks ,0
Lease to Own conditions,0
Enter your email VIEW MY CODE OFFER EXPIRES IN: 0 minutes 00 seconds EXTRA 10% OFF,1
Don't Know Pincode?,0
 Yearly ,0
Parad Combo Deals ,0
Long Sleeves Nightwear,0
"Someone in Cashmere bought a 
RCM Cosworth Timing Belt Kit 99-02MY EJ20/22/251 hour ago",1
OFFER ENDS 00:54:59,1
Only: 9 in stock now,1
"Mher from San Angelo, TX Recently made a purchase with Crossrope",1
 Netherlands Antilles USD,0
Strong demand! Complete your order before it's too late!,1
Shop now. Pay later. Always interest-free,0
Only 1 Left in this Size!,1
All Womens Accessories,0
 CAMILLA World ,0
 Women's Bags ,0
Purchase Benefit Club Member can cancel the Purchase Benefits at any time by calling MDG‚Äôs Customer Service department at: 1-800-906-0975 ext. 352 and requesting to cancel the Purchase Benefits.,1
 Shirts & Blouses ,0
Choose your payment day. View your schedule and select pay now.,0
You have no items in your basket.,0
Your order is reserved for 09:54 minutes!,1
 All Shoes ,0
7 left in stock,1
Want to add one of these?,1
"No Thanks, I'd Rather Pay Full Price",1
Shop Safely And Securely,0
I have a strong liking to walnut. Even the sapwood can look very presentable when finished good. Thus cutting board is a great item for use and conversation and looks good. ,0
Swedish Hasbeens,0
ONLY 20 LEFT IN STOCK,1
 Women's Summer New Clerk Large Size Loose Cotton And Linen Blouse ,0
"‚Ä∫ New Year, New Kit Sale",0
Highline Double Wheel Bag,0
"ONCE IT'S GONE, IT'S GONE",1
new merch coming soon,0
Explore The NRA Universe Of Websites,0
404 Orders,1
Shop All Golf Balls,0
Enable cookies to use the shopping cart,0
All Scrapbooking Supplies,0
No thanks. I don‚Äôt want to save money.,1
Someone in Louisville Kentucky United States Purchased Gold Presidential Bracelet With Watch Buckle 9 hours ago,1
 Other Snacks ,0
ONLY 3 LEFT,1
Don't miss out! We've sold 38 in the last few days.,1
QUANTITY: *ONLY 1 LEFT,1
Free Shipping & Easy Returns always! ,0
Your one-time offer! Enjoy 10% off sitewide. Applied at checkout Offer ends in: 04 hrs 37 min 56 sec,1
Site Wide Savings for the Entire Family! Pricing is off Rogan's Shoes every day Low Prices! Prices are already reflected on the site. Limited time only! Restrictions apply. Online Only.,1
Limited time - final price reflects extra 29% off,1
"Someone in Petaling Jaya, Malaysia just bought SNEAKERGUARD Midsole Paint Marker - BOOST White",1
Give a Gift,0
60% OFF ENDS IN DAYS HOURS MINUTES SECONDS,1
Harry Potter ,0
LOGIN/REGISTER,1
"no thanks, I hate fun & games",1
"No thanks, I don't want to save up to 75%",1
Please note: we do not ship to PO Boxes,0
320 items left,1
"No thanks, I don't like exclusive offers",1
Accuscreens,0
 All Birthday Gifts ,0
Only 4 left at this price,1
"Monira in Doha, Qatar purchased a LilyVanity‚Ñ¢ Velvet Box",1
Only 26 Left,1
WilmaNorth Carolina,0
 Zero Gravity Lift Chairs ,0
"Someone in Alexandria, United States just bought TTDeye Queen Green Colored Contact Lenses",1
 A Date With Duchess ,0
Rare Book Conditions ,0
02 DAYS :23 HOURS :00 MINS :54 SECS,1
 Search Search ,0
Institute for Legislative Action,0
 shop by trend ,0
Hurry! 1 items left!,1
2 customers recently bought it,1
Beetle Remotes,0
"If your JR Plus membership has renewed automatically, you have seven (7) days after payment is taken to cancel your annual membership. You must contact Customer Service at (888) 574-3576 within this window and not have made any eligible purchase using the JR Plus service. You will then be provided with a full refund of your membership fee for the renewal year and the JR Plus service will be cancelled from your account. If you cancel during any renewal year after the seven (7) day window expires, you are not entitled to any refund of the renewal fee, even if you have not made any eligible purchase during the renewal term.",1
7 sold in last 24 hours,1
View All Bearings,0
 Searching...,0
YOUR CART IS ELIGIBLE FOR AN ADDITIONAL 10% OFF Including Current Promotions + Sale & Clearance 00 hours :29 minutes :26 seconds CHECK OUT NOW,1
Americas,0
clear text ,0
Powered by,0
Easy Release Cleat Kit,0
"LIMITED TIME OFFER 10% OFF - ENTER CODE \""CASES\"" AT CHECKOUT",1
Beach Towels & Mats,0
Hurry! Only 6 left in stock!,1
89 currently viewing,1
cookie host,0
Extremely high demand: expect 2-4 weeks for it to arrive (to be safe). Limit 4 per person!,1
Your shopping cart is empty.,0
Partnerships,0
" is full of sorrow and joy that weaves the life stories of its characters, exploring relationships, illness and loss * Manchester Weekly News *",0
Bought by 39 people in last few hours! HOT SELLER!,1
210+ bought,1
"No thanks, I'd like 0% off",1
18 In Stock,1
"Ends in 1 Days, 4 Minutes, 44 Seconds",1
Join the Team,0
 Cat's Eye Beads ,0
17 people have viewed this wine today,1
*Freight/Higher Freight charges may apply to some areas. Click here to view Shipping Policy,0
History Of The NRA,0
We only have 8.0000 left in Stock,1
Mom & Baby,0
Rachel Comey,0
Low Stock Alert: Only 8 left in inventory,1
6 people have looked at this in the last few hrs.,1
Add and save!,1
Tick here if you do not want to receive Promotional Offers by Post Tick here if you do wish to receive Promotional Offers by email and/or SMS Tick here if you would like to receive Offers from selected third parties,1
Sign up to stay up to date on all White Cloud news and savings!,0
All Cross Stitch Patterns,0
only 5 left in stock!,1
Wedding Cross Stich & Embroidery Patterns,0
Only 1 item left in stock,1
Limited Time Offer Limited Offer! 15% off on Naomi Home with Coupon 9N03. You pay $63.74,1
beautifully written prose,0
 Upcoming Events ,0
*,0
Events and Entertainment,0
How about one of these hot sellers?,1
 Light Blue Regular Fit Single Cuff Easy Care Shirt ,0
Scarves & Snoods,0
Clarity Remotes,0
Shop All,0
 Sunflower ,0
Your order is prioritized for 13:22 minutes!,1
Wish Your Loved Ones Instantly with Ferns N Petals International Services,0
 Why buy from us ,0
__________,0
 All Personalised Gifts ,0
 Heart Shaped Cake ,0
White Camo Windbreaker - Rock N' Roll,0
11 people viewed this today!,1
Need a Hand?,0
 New In,0
"LOW IN STOCK, only 2 left",1
 Travel Accessories ,0
Your first payment will be due on the day of your purchase.*,0
Bob's Outreach ,0
"LIMITED TIME - BUY THE NEW PURPLE PLUSH PILLOW, GET ONE FREE",1
"William in Pago Pago, United States purchased a",1
Reloading Tools,0
"No thanks, I hate saving money",1
"No thanks, I don't like deals.",1
96 ITEM(S) LEFT IN STOCK!,1
Only 3 left in stock,1
Buy with humm.,0
LAST CHANCE TO SAVE... enter your email to Save 20% on your first order 00 hours :29 minutes :43 seconds,1
"In Stock, Only 1 Left!",1
 Mixed Media ,0
___,0
 Bioactive Custodians ,0
 Every bicycle tells a story ,0
| Add to Compare,0
Strip Softbox,0
ONLY 13 LEFT,1
Lean To Sheds,0
"Rose in Portland, United States purchased Green Eco-Friendly iPhone XR Case about 54 minutes ago",1
 Shop All Lehenga Choli ,0
Synthesis E-MTB Carbon Wheelset,0
 School Shoes,0
Only 7 in Stock!,1
Macro Focussing Rails,0
only 2 left,1
Only 2 units left!,1
Thank you for posting a question!,0
 Short Sleeve Dresses ,0
135 people have this in their cart,1
"Our items sell fast, don't miss out!",1
Crystal Shivlingas ,0
Father's Day Gifts,0
Clearance! Only 4 left in stock.,1
 Ladies Flower Print Casual Fashion Dress ,0
 New In Lunch Boxes ,0
Pillow & Foam Bed Wedges,0
Selling fast!,1
Already have an account?,0
24 sold in last 24 hours.,1
 Paul Henry ,0
HIGH DEMAND,1
Great for shine,0
1day21:04:58,1
"No thanks, I'll pay full price",1
About Bob's,0
30 people have purchased this item,1
HOT PRODUCT Over 250 people are looking at this item.,1
Know exactly what‚Äôs going on at home and be alerted of emergencies in real time. ,0
. ,0
CHF,0
Just BEE Queen,0
 WWE New Arrivals ,0
Custom Board Quote,0
"Subscribing means you agree to receive our emails, more details please refer to ourprivacy policy.",0
Score! You've Qualified for a Checkout Bonus,1
 Eye Protection,0
"JOHN in Toowoomba City, Australia purchased a Resin Tank 7 hours ago",1
 Shoe Care ,0
Viewed 1040 times in the last 7 days,1
Mixing & Measuring,0
Collin P. from Grandview Missouri just bought BURGUNDY TWO BUTTON SUIT ABOUT 5 SECONDS AGO,1
We value your input. Share your review so everyone else can enjoy it too.,0
Someone added 1pc 4ocean natural stone beads beaded bracelet men boho handmade to their cart RIGHT NOW,1
Moroccan Rugs,0
HURRY! ONLY 2 LEFT IN STOCK!,1
Only a few left!,1
Hair Grooming Appliances,0
Only 4 left!,1
11 11 Hours: 00 22 Minutes: 3223 3223 Seconds,1
ONLY 2 LEFT,1
Only 2 left.,1
Recent searches,0
Other Promotions,0
Only 7 left!,1
LEGO Sondersets Saison Polybags Promotionals ExklusiveOpens in a new window or tab,0
Stay Connected,0
Competitor Price: $172.00,1
Gifts By Price,0
No thanks I definitely measured correctly,1
Bathroom Basins,0
" Looks like your cart is empty, let's fix that! ",0
"Jeremy in Warroad, United States purchased a",1
"no thanks, I like paying full price",1
 Space Heaters & Workshop Heaters ,0
New Rifles,0
Nursing chairs,0
"Nancy in Pennsylvania purchased 24"" Italian Sterling Silver Milano Twist Adjustable Chain",1
Gold Collection,0
Last 1 in stock,1
Low In Stock Today,1
Only 16531 items left in stock!,1
Herbaceous oil rich in anti-aging polyphenols.,0
LIMITED TIME OFFER!,1
 Terms of Service ,0
"Great prices, professional customer services",0
"The Dry Direct Ultimate is a great product, the best we have found. Customer service is very efficient, and deliveries have always been on time. We are very satisfied with Parentgiving in all aspects.",0
"Hurry, Only a few left!",1
Other 2 customers have it in their cart.,1
EXTRA -30% OFF WITH CODE: EXTRA30 Ends in: 0 0 0 0 days 0 0 4 4 hours . 0 0 9 9 min . 2 2 8 8 sec,1
‚Ä∫ Sub Ohm Juice,0
 ‚òÖ ‚òÖ ‚òÖ ‚òÖ ‚òÖ ,0
In Stock Only 5 left!,1
Trousers & Chinos,0
"Hurry, only 5 left",1
Corporate Responsibility Report,0
Functional Cookies,0
 C.P. Company ,0
"Someone from Osijek, Croatia just bought TMC CP Style Single Pistol Pouch",1
HURRY! ONLY 31 LEFT IN STOCK.,1
"Wigsbuy- Online Beauty Store of Fashion Wigs, Hair Extensions & Accessories for Sale.",0
 United States ,0
11 people have purchased this item,1
"Keith in Champaign, Illinois bought Mini USB Audio Cassette to MP3 Converterabout 56 minutes ago",1
0011Days:0088Hours:4411Minutes:21125445Seconds,1
 PopWallet+ Refine by Product Type: PopWallet+ ,0
Plus Size Ripped Jeans,0
Only 3 Left!,1
113 people have viewed in the last 24hrs,1
FootwearHome & Office,0
SHOP TRIATHLON,0
"Stacey in Saint Marys, United States purchased Extra Long (10 Ft) Fiber Cloth Sync & Charge USB Android Cable - Assorted Colors about 30 minutes ago",1
 Color Yellow Smoke Blue Pink Orange,0
COLLEGIATE,0
ShoesBootsCasual ShoesFormal ShoesSandals & Flip-flopsShoe Care & AccessoriesSlippersSneakers & CanvasSports Shoes,0
 All Men's Brands ,0
Warm Tips,0
We are not currently accepting orders from outside of the UK.,0
10 SEATS LEFT,1
Only 4 items left in stock.,1
 Synthesis Alloy Collection ,0
Photography Projector,0
Product Feature,0
"No thanks, I don't like winning.",1
Looking for your order history?,0
Write a review,0
Only 1 Left in Stock!,1
Manage Consent Preferences,0
Only a few more left!,1
Tight Bud,0
Let's make sure you have everything else you need,1
Someone from Norway purchased a Super FG Grater - 12x Faster - 15% OFF,1
ONLY A FEW LEFT!,1
Hurry! Only 1 left in size M!!,1
3 left in stock,1
"Carl F. from Fort Ann, NY bought a King",1
Colors,0
 Mountboard ,0
"Hurry! Sale Ends In:

02:59:50",1
Only 25 Deals left,1
 TERMS OF SALE ,0
"Michael in Pontiac, United States purchased a  ",1
Bath Decor,0
Animals & Action Figures,0
Only 65 Items Left.,1
"Hurry, only a few left!",1
 Brushes + Tools ,0
31 people seeing this product right now,1
"NO THANKS, I DON'T LIKE FREE STUFF",1
3DAYS124606,1
Availability: 5 items left,1
"1,142 people have added to cart recently",1
Offer ends in 15hrs 1min 56sec!,1
Limited Stock,1
Use the left and right arrow keys to navigate the Menu. Use the enter key to activate the submenu on a navigation item. Use escape key to close the submenu. ,0
There is only one product left!,1
 Menu Search ,0
There are only 1 item left in stock.,1
Speed Lace Accessory Kit - Orange,0
232 people are viewing this offer!,1
Someone in Castle Hill bought a Philips Essential LED Downlight Kit | 5W 4000K few hours ago.,1
Hair Care Sets,0
 Subscribe ,0
156 sold in last 24 hours,1
"Now 20% off, hurry limited time offer!",1
Recent Searches,0
FREE SHIPPING // FOR A LIMITED TIME ONLY,1
 Fashion Short Sleeve Crew Neck Print Dress ,0
Sparkling Elegance,0
What is a cookie?,0
Items in your cart are in high demand. But we have reserved your order.,1
SLEEP EVENT OFFERS - LIMITED TIME ONLY,1
Browse by A-Z,0
Value of Product,0
 Love the way you pay ,0
Items in your cart are selling fast,1
 Women's Sandals ,0
Hair Tools,0
 Rain Boots ,0
Time remaining: 04:50,1
Countdown,0
"Size low on stock, only 1 item left",1
Only 9 Left.,1
eWriters & Graphics Tablets,0
Full HD 144Hz IPS Anti-Glare (1920 x 1080) FREE Upgrade (Limited time offer!),1
Only 2 Left In Stock,1
1 left in stock,1
(Only 5 Left),1
"Healing Crystals are natural beings just like the trees, mountain or flowers. The result of diverse chemical reactions inside the earth over a millennium, gemstones are a true wonder of nature. When you touch a healing crystal, there is a transfer of heat and energy that leads to activation of chakra points. These therapeutic powers noticed in the presence of gemstones are the reason they are called healing crystals. With some crystals as old as the earth, there is immense wisdom in crystal use.",0
"Someone in Joliet, Illinois purchased a Yocan Evolve Plus XL Vaporizer",1
Only 82 left in stock!,1
"Clothes, Shoes & Accessories",0
Limited Time,1
Mary Janes,0
2 people are looking right now,1
Remove selected car filter,0
ONLY A FEW LEFT,1
Someone in Red Cliffs bought a RHK Yamaha YZ/YZF/WRF 99-16 Blue Pursuit Footpegs 3 minutes ago,1
 Irwin ,0
Estimated VAT overview,0
 Share on Pinterest ,0
 family ,0
 Mobile Terms of Use ,0
 Tweet Share Pin It Add Email ,0
" Port, Sherry & Sweet Wine ",0
"Laurie in Urraween, Queensland bought No Brainer USB Charging Anti-Theft Backpack",1
00:15:07:45,1
Work Solid Simple Crew Neck Half Sleeve Top,0
 Eyelashes ,0
Only 4 copies left,1
3 Left!,1
Only 33 left,1
Wallets ,0
 Safe & Secure Checkout ,0
"Gorgeous, lasting high-quality hair color‚Äîcrafted in Italy.",0
Order by these dates to get it by Valentine's Day.*,0
 View product View SAA Standard Membership Renewal - Credit/Debit Card - One Year Only ,0
Mechanic's Wear,0
This campaign was taken down for content reasons,0
Last purchased at 11:19am today.,1
99 people are looking at this right now,1
Specs,0
"Someone from Huntingtown, Maryland, United States purchased TopCoat¬Æ F11¬Æ Polish & Sealer - Web Special Kits Just Now",1
 Digital Device Covers ,0
 Cordless Phones For Seniors ,0
Case Material,0
Your cart is reserved for 14:57 minutes!,1
LESS THAN 5 LEFT!,1
Everything was perfect. The delivery was very smooth and the products were in great condition as well.,0
 All¬†Licensed ,0
7 people have it in their cart,1
 Personalised Gifts ,0
20 units left,1
Exotic Bird Food,0
Someone in Keilor East bought a Piranta-Edge Skinning Knife - Blaze - Havalon Knives54 minutes ago,1
 Frame out of stock in this colour,0
 SAF Warriors ,0
View All Home Accessories,0
 More Sports ,0
"Here for a limited time. 4.5"" Red Bottle Sticker w/ Adam's Logo",1
Only 3 left in stock.,1
Limited stock available,1
Become an Affiliate,0
 mens long sleeve organic shirt ,0
Synthesis E-MTB Alloy Rear Wheel,0
Card Storage,0
"19,302 people have added this item to cart",1
Brand: NFL Pro Line by Fanatics Branded,0
Toddler Girl Jumpsuits and Rompers,0
"No thanks, I'd rather pay more",1
Cart will expire in 04:53 minutes!,1
Packed with Super Citrimax,0
Hurry! Only a few of these left,1
"No thanks, I dont want a discount",1
Down Jackets,0
 Most-Hearted Styles Shop Now ,0
 Plant-Based Beauty ,0
23% left in stock!,1
HURRY ONLY 9 LEFT IN STOCK!,1
 All consumers in the EU are charged VAT on the purchase of goods and services.,0
Blue Raspberry,0
Free climate compensated shipping & returns,0
Shop all,0
 Watercolour Brushes Toggle category Watercolour Brushes ,0
Accent Chairs,0
 EU Delivery & Returns ,0
"Exposed Membership (recurring subscription) and Cancellations  If You order with Exposed Membership, you are selecting a recurring billing subscription, where You will receive a new kit approximately every 60 days. You are able to cancel by contacting Exposed customer care at 1-866-404-7656, 8am ‚Äì 4pm Pacific Time, M-F.  If You are part of our Monthly installment program, You will be billed in two monthly installments for each acne kit shipped. Each kit will be shipped every two months unless your membership is canceled. To cancel Your Exposed Membership, You must: 1. first pay in full for all kits that have been shipped 2. and, then contact Exposed customer care at 1-866-404-7656 8am ‚Äì 4pm Pacific Time, M-F to process Your cancellation.",1
WhiteBoho Rose Comforter and Sham Set,0
Only 22 left in stock!,1
Tretorn,0
Bike Parts & Components,0
Order in 14:53 to get 2 pillows for free,1
Welcome Newcomer,0
All You‚Ñ¢,0
 PopGrip MagSafe Refine by Product Type: PopGrip MagSafe ,0
Carports & Garages,0
Selling Fast,1
 Glow Gear ,0
Glasses and Goggles,0
Icon MTB Socks - Black/Green,0
"Hurry, this style is selling fast!",1
Someone in Egypt bought,1
HURRY! DON'T MISS THIS DEAL! DAYS 0 1 HRS 1 2 MINS 3 1 SECONDS,1
Charleston ,0
Availability: Only 4 Left!,1
"Kamal in Lathrop, United States purchased a Father Sons Super Slim Stretch Feather Print Long Sleeve - FS429 4 hours ago",1
NRA Firearms For Freedom,0
5 Viewing This Product,1
Recovery Best Sellers,0
What people are saying about us...,1
Low Stock! Only 3 left.,1
Cincinnati Bengals T-Shirts,0
View All Apartment,0
7 people looked at this product in the last 24 hours.,1
"GRACE from ORLANDO, United States bought Camouflage Jumpsuit 31 minutes ago          ",1
on Freight,0
ONLY 12.5M LEFT IN STOCK!,1
61 people have already bought that product today with 50% discount,1
"YOU MAY CANCEL YOUR WINE CLUB MEMBERSHIP OR ANY HOLIDAY SHIPMENTS AT ANY TIME BY CONTACTING US AT 1-877-975-9463, AND WE WILL PROMPTLY STOP PROCESSING THE RECURRING PAYMENTS.",1
Currently 8 left in stock.,1
Fewer than 5 left!,1
Please note all products are made in limited quantities and we rarely restock - checkout now so you don't miss out!,1
You left 2 items in your bag Released in: 29 minutes :07 seconds,1
Loading,0
Boys Green School Uniforms,0
NO THANKS,1
Bob's For Business,0
1 people are viewing this currently,1
"No thanks, I don't want the free gift.",1
"No thanks, I don't like savings",1
Get it fast! 14 added to bag today,1
Sale Womens Clothing,0
ONLY 2 LEFT IN STOCK!,1
Discount pending $10 OFF 00:30:00,1
FOR THE ULTIMATE EXPERIENCE: (Can select more than one),1
"No thanks, I'm not interested in saving money.",1
 Gameday Collection ,0
Other people want this. 10 people have this in their cart right now.,1
 Accessories Collection ,0
Glow Gear,0
SAVE $300.00\nfor limited time,1
 Take time to pay.,0
Personalize your doll,1
Search for similiar products,0
Less than 10 left!,1
 Payment Methods ,0
"Sandeep in Hawthorne, California bought Sadie Ponte Pants - Black Just Now",1
"Only 3 left , In Stock",1
"Someone in DOVER, United States just bought Crew 15 mins ago",1
Product Info,0
39 people have this in their cart,1
Protect Your Gear,1
0:44:56,1
 Shop Sale by Print ,0
DAYS HRS MINS SECS,1
Delivery & support,0
"No Thanks, I Don't Want To Save",1
How/why the homepage uses cookies,0
Ericdress Summer Patchwork Polyester Long Women's Tank Top,0
 Get The Look The Full Story Shop Now Read More ,0
"Items in your cart are in high demand, but we have reserved your order.",1
7 users have looked at this product in the past 6 minutes,1
Only 4 left in this size!,1
Other CollectiblesPhotos,0
70% offers claimed. Hurry up!,1
Women's Acid Wash Scoopneck Sweater,0
Only 9 left in stock,1
Almost Sold Out! Only 2 Left.,1
Sharmeen Atif From Karachi just bought Stylish Metal Glasses Frames For Kids-Assorted-NA7157,1
LightInTheBox Êé≤ËºâË®ò‰∫ã,0
 Gut Health ,0
"PROTECT YOUR SOFA! Your Humblebum Sofa in Thatch house fabric will look wicked! Why not add Castelan Fabric Protection to cover your new squish machine against wine spillages, messy TV dinners, and other disasters for just just ¬£80?",1
Musical Toys,0
Only 1 unit left in stock,1
Your Cart Will Expire In 09:58 minutes!Please note that these items may not be available again if you release them.,1
Help us #savethefishies.,0
 Limited Edition Colors ,0
"Someone from South Gate, California just purchased the Admiral JR / Spektrum Servo Connector Plug Set (Male and Female - 2 Pairs)",1
1 LEFT IN THIS SIZE,1
"Once a celebrated author of short stories now in his twilight years, ",0
"Click here to use our website with more accessibility support, for example screen readers",0
Shop Men's Styles,0
Only 34 Left!,1
Deal Ends In 2 : DAYS13 : HRS10 : MIN24 SEC,1
0 DAYS22 HOURS13 MINUTES21 SECONDS ,1
"Armin Dinovic bought 10M Runescape 3 Gold Order total: 3,70‚Ç¨ About 10 seconds ago",1
By Brand All Men's Brands ,0
Free Shipping. Limited Time Only. for orders over $50,1
Flat Top,0
"Happiness is to hold flowers in both hands. Furthermore, flowers make for an integral part of all occasions and celebrations........ Read More...",0
8 items left,1
gifts for wife,0
Purchased 6 times this week.,1
I would like to join Backstage Pass & agree to the Terms & Conditions & to receive emails & other promotional offers.,1
ONLY 1 LEFT!,1
iPhones,0
1 item left,1
Only 6 items left,1
I've recommended The Keeper of Lost Things to everyone.,0
Cheryl in Ontario bought 100% Organic Reishi Mushroom Powder 100g about 16 minutes ago,1
Feedback,0
Pro Boost Treatments,0
"No thanks, I'll pay full price!",1
00Days17Hours12Mins13Secs,1
Cross Body,0
Returns Information,0
Other Items On Special Offer:,1
ONLY 3 LEFT IN STOCK.,1
Only 2 copies left,1
Only 15 left in stock,1
Extra Soft Cleansing Wipes,0
4 people are looking at this right now.,1
8 people have viewed this product today!,1
 Shop All Men's Boots ,0
ADD WORLD'S MOST COMFORTABLE CHAIRS,1
GCC Compliance,0
FOR A LIMITED TIME ONLY,1
Motion Control System,0
 Summer Casual Printed Loosen Short Sleeve T-Shirt ,0
"UP TO 60% OFF SPRING SALE PLUS 10% OFF ALL SHOWERS ENTER CODE SHOWERS10 AT CHECKOUT, MUST END TUESDAY 02DAYS  :  04HOURS  :  13MINS  :  28SECS",1
Shop all interactive whiteboards,0
Someone in New Lynn bought a Kogan A1 Earphones with Inline Control for IOS/Android 1 hour ago.,1
Hurry! Only 15 left!,1
"Someone in Sasebo, Japan just bought",1
 SAA Oil & Acrylic Brushes ,0
 New in ,0
"Find your local store, view opening hours and find out where you can get your latest pickup in-store!",0
The requested page could not be found,0
More than 752 users are adding shapewear to their cart. Is your size left?,1
40% OFF EVERYTHING* ENTER: 40PLT + FREE SHIPPING OVER $80 HURRY! LIMITED TIME ONLY,1
"To cancel your order before it ships, call us.",1
"Someone in San diego, United States just bought Gemfield Watch 15 days ago",1
Only 1 item left,1
94% offers claimed. Hurry up!,1
 Lens Manual Washer ,0
QUICK! ONLY 1 LEFT IN STOCK,1
Yaris Remotes,0
Stay in the Know,0
Only 3 Left in Stock!,1
LOW STOCK (ONLY 10 LEFT!),1
"No Thanks, I Prefer Paying Full Price",1
"No USB or Y-Adapter!? Our USB Sound Card is highly recommended for PC (Mac/Linux/Windows) and works with current gen consoles. The Y adapter is recommended for console gaming, phone, or other TRRS jacks.",1
Add to Your Gift and We'll Ship it For Free!,1
80% offers claimed. Hurry up!,1
 Clinical Studies ,0
Free 60 day VIP trial membership with this order. Cancel anytime.,1
Exterior Accessories,0
Juniors' Shoes,0
-90% discount if you order within 9:55:44,1
Reloading & Ammunition,0
 Best Deals of the Month: April Edition ,0
 Out of Stock! ,0
"We're sorry, this store is closed.",0
Your shopping bag is empty...,0
 Sustainably made,0
Shop By Fabric,0
Your order is reserved for 09:57 minutes!,1
Dressmakers Mannequins ,0
"1,446 people have viewed this item",1
BABY BOYSShoesClothingAccessories,0
 Mitre Saws ,0
Only 2 items left in stock.,1
50% OFF for Limited Time Only!!!,1
"Michael M. from Lacey, WA just bought a Cal King",1
- +,0
ONLY 9 LEFT,1
Limited time remaining!,1
"IF YOU PARTICIPATE IN AN AUTOMATIC RENEWAL SUBSCRIPTION AND YOU HAVE PROVIDED US WITH A VALID CREDIT CARD NUMBER OR AN ALTERNATE PAYMENT METHOD, EACH SHIPMENT WILL BE AUTOMATICALLY PROCESSED AT THE TIME OF EACH SHIPMENT OR INSTALLMENT AND WILL BE BILLED TO THE PAYMENT METHOD YOU PROVIDED TO US AT THE TIME OF YOUR INITIAL PURCHASE AND AGREEMENT TO PARTICIPATE IN THE PROGRAM. IF YOU WISH TO CANCEL YOUR PARTICIPATION IN AN AUTOMATIC RENEWAL SUBSCRIPTION, YOU MAY DO SO AT ANY TIME BY CONTACTING A CUSTOMER CARE PROFESSIONAL AT THE CONTACT INFORMATION PROVIDED ON THE WEBSITE.",1
Almost gone! Only 3 left In Stock,1
Only 8 items left in stock!,1
Hair type: Wavy,0
LOW IN STOCK!! GET YOURS NOW,1
International Shipping Policy,0
What treats can I use?,0
 Rudraksha Recommendations ,0
00 DAYS 00 HOURS 29 MINUTES 26 SECONDS,1
Most of our orders are from repeat customers.,0
We uses cookies (and similar techniques) to provide you with better products and services. Your permission will be confirmed if you continue using this website.Read more,0
HURRY! ENDS IN: 10 HRS 40 MIN 00 SEC,1
"Son in Suisun City, United States purchased Commander Lex",1
SAVE $200 OFF PUFFY,1
Hurry! Less than 10 left!,1
ROAD CLOTHING,0
Shop Dresses by Occasion,0
One customer bought this article in the last 53 min.,1
TiesToys & GamesTravelWatches,0
All Brands A-Z ,0
Only 3 Left In Stock,1
"""Your purchase entitles you to the following special""",1
Only 4 unit(s) available!,1
Cooper Remotes,0
"Dog Collars, Leads & Tethers",0
Only 1 left,1
117 people have viewed this item in the last 7 days.,1
info@coolhockey.com,0
"HURRY, ONLY 1 LEFT!",1
ONLY 1 LEFT,1
Perhaps you could...,0
Promaster City Remotes,0
"Isra√´l in Metz, France purchased a More ADVANCED Chord Substitutions",1
Competitions,0
" Household Cleaning Kitchen Bathroom Eco Laundry General Cleaning Kitchenware Cook & Bakeware Food Storage & Preservation Kitchen Textiles Appliances Kitchen Appliances Household Appliances Bed, Bath & Living ",0
In Stock (8) Left,1
Explosive Offers! 80% Off Everything 07:25:41,1
228 People Have Viewed This Product Recently!,1
Theresa from Botkins just bought Panoply 14918 A-line Lace Formal Dress,1
Purchased 100+ times in the last few days.,1
 Our Carbon Footprint ,0
 Businesses in the EU buying from a business in the same country are also charged VAT.,0
"Sudha rana from Jaipur bought this product, 23 Mins ago.",1
Hurry! Almost Sold Out...,1
"An item you ordered is in high demand. No worries, we have prioritized your order.",1
Pay Securely with Trespass,0
I don't want a discount,1
Cellular/Honeycomb Shades,0
Expand My eBay,0
Get Personalised Health PlanGet Health Plan,0
"Carol in St. Louis, Missouri bought Original USB Charging Anti-Theft Backpack",1
THE SET INCLUDES:,0
I have green eyes and with these bright green contacts makes my eyes look out of this world amazing. I love them and they have lasted months!!,0
 Unstitched Fabric ,0
Pick the price that matches your budget. ,0
"After trying several other shades of red, I‚Äôve tried this one and just love it. It is the perfect shade of brown with beautiful red highlights, very rich color, and very beautiful.",0
Only 5 left in stock,1
Limited quantity! ,1
Floral Cross Stitch & Embroidery Kits,0
Did you know that Shaver heads need replacing every 12 - 18 months? Get the Shaver Guard cleaning spray to extend its life for up to another 6 months!,1
"No Thanks, I Don't Like Exclusive Offers.",1
"Edwin in Woodland Park, NJ just bought",1
"Another babe in Alexandria, United States just ordered Flat Tummy Tea",1
 ALL SALE ,0
ONLY 14 LEFT AT THIS PRICE,1
 Jersey GBP,0
Candy Melts,0
Deal expires in: 03 hrs 25 mins 22 sec,1
Ducted Vacuum Cleaners,0
FLASH SALE | LIMITED TIME ONLY Shop Now,1
Over 38 bought,1
Creators' Council,0
"No thanks, I don't want to build one.. I'd rather kick rocks!",1
6 others have already bought this deal today!,1
This item is in high demand.,1
AdjustableSnapbacksSale Items- View All -,0
00 HRS 57 MINS 56 SECS,1
5 left,1
 What's New New arrivals daily ,0
Christian Dior,0
Only 1 Left in Stock. Buy Soon!,1
sales@ecklers.net,0
Enter Catalog/Email Code,0
 Comfy and looks great ,0
715 people have added this item to cart,1
Accord remotes,0
Rose Gold Shoes,0
"Order soon, only 1 left!",1
Fave x GrabPay,0
 Bar Stools,0
Casual Wear,0
HURRY! Only a few left in stock!,1
Show Cart,0
How Do I Rinse Off My Overnight Hair Oil Treatment?,0
Only 1 left in online stock,1
21 people looked at this during the last 24 hours,1
 Free Delivery to Home¬†& Next day delivery available to store* ,0
Get 20% off Sample Doors! √óOffer Ends In 58 : 29 Use Promo Code sample20off,1
"Tambria in Hattiesburg just bought Peruvian Virgin Natural Wave Hair 3 Bundles with Lace Frontal, 100% Human Virgin Hair ",1
Sale ending in 0 days 04 hours 12 minutes 10 seconds,1
"WOULD YOU LIKE A FREE NEXT DIRECTORY? Explore all the latest collections from your free Next Directory. By opting in to receive the Next Directory you agree that we may send you, at our discretion, further Directories usually in January and July each year, at a charge of ¬£3.75 per publication. You also agree to receive supplementary Directories and ‚ÄòNew In‚Äô publications at no additional charge.",1
13:09:27 HOURS MINUTES SECONDS Sale Ends Once The Timer Hits Zero!,1
JFN Crew Neck Floral Vacation T-Shirt/Tee,0
Only 1 items left,1
"For any other inquiries, Click here",0
 Bob Ross Oil Brushes ,0
 REPLACE-WITH-DYANMIC-HOST-ID,0
Thin and tough - protects from minor scratches,0
Christmas Craft Ideas,0
Aids mental processing‚Ä†,0
Status:Only 3 left in stock,1
Drawstring Backpacks,0
Only 1 left in Stock!,1
"Alyssa in San Antonio, United States purchased a iTunes Japan Gift Card 10000 JPY about 35 minutes ago",1
Over 500 left in stock,1
Only 3 Left! Get it before it`s gone!,1
"THE COMPETITION $1,299.99",1
Add your favourites to cart,0
 View all Oil & Acrylic Brushes categories ,0
Daystate FAC Air Rifles,0
 Drive and Focus ,0
 Laundry & Cleaning ,0
994 items sold this hour.,1
"To qualify, simply verify your status during checkout on the payment step. We verify through ID.me, our trusted technology partner for secure digital identity verification. ",0
Pillowcases & Shams,0
Back Yard & Spa,0
"No thanks, I prefer to pay more for shoes!",1
93 PEOPLE HAVE BOUGHT THIS PRODUCT TODAY,1
Flash Sale - Almost Over! 00 HOURS : 55 1001 MINUTES : 0550 8778 SECONDS,1
No thanks. I prefer paying full price.,1
 Resend One time Pin ,0
The Hoop Destination. Discover more,0
Pay weekly ,0
 Continue with Facebook Continue with Google ,0
Returns / Warranty,0
Installation InstructionsPolicies & Terms of UseFinancingSite Map,0
M-Class Remotes,0
Limited Time Only ¬∑ Online Only,1
85 have it in their cart,1
6 other people looking at this item,1
"NO THANKS, I DON'T WANT TO SAVE",1
"No thanks, I don't like free stuff",1
Shirts & Blouses,0
ON SALE AT $1.99 FOR A LIMITED TIME,1
ONLY 1 REMAINING,1
Bearded Dragon Substrates,0
Tube Tops,0
Email Address*,0
"Keyboard Navigation Profile (Motor-Impaired): this profile enables motor-impaired persons to operate the website using the keyboard Tab, Shift+Tab, and the Enter keys. Users can also use shortcuts such as ‚ÄúM‚Äù (menus), ‚ÄúH‚Äù (headings), ‚ÄúF‚Äù (forms), ‚ÄúB‚Äù (buttons), and ‚ÄúG‚Äù (graphics) to jump to specific elements.",0
LESS THAN 8 LEFT IN STOCK!,1
"No thanks, free stuff isn't for me.",1
"Rs 4,013 (Retail Discount) + Rs 2,997 (Limited Time Coupon)",1
LIMITED TIME: $10 OFF! DISCOUNT REFLECTED IN PRICE!,1
(5 Left),1
Stay with us in India,0
 Data Processor Privacy Policy: https://triplelift.com/privacy ,0
 Supporting All Artists Create because you can ,0
Homeware Trends,0
You've made the starting lineup. Be on the look out for an exclusive offer for signing up.,0
View All Tops,0
Favored By: 400 people!,1
"NO THANKS, I'D RATHER PAY FULL PRICE",1
" Gift TypeFlowers, Cakes, Plants, etc. ",0
A Ritual of Light,0
Only 3 left!,1
"We cannot guarantee door to door delivery for every customer. Buyers in remote areas such as farms, islands, mining camps, small towns, or out-of-towners, etc may need to collect from their nearest freight depot.",0
Choose Type of Cookies You Accept Using,0
Contract free,0
Massive Tax Time Sale See Discounts! Sale ends in,1
TVs,0
View all,0
"For more information about the VIP Rewards Club Membership, to purchase or terminate a membership, or to start or stop automatic renewal of a membership, contact Ross-Simons Customer Service by postal mail at: Ross-Simons, 9 Ross-Simons Drive, Cranston, Rhode Island 02920; or by email at customerservice@ross-simons.com; or by calling the VIP Rewards Club priority line at 800-835-3799.",1
Items in your cart are in VERY high-demand.,1
"No, I'd rather pay full price.",1
MoTrail,0
 Disposable Washcloths ,0
Shoes & Clothing,0
Game Extraction & Prep,0
Items will be reserved in your cart for 19:10,1
Last purchase was 18 minutes ago by someone from Dublin,1
45 ADDED TO BAG IN THE PAST 24 HOURS,1
Report a Fake Product,0
Tactical Rifles,0
"No, I'll rather pay full price.",1
"Ken in Oakland, United States purchased a Dreamville Hoodie a month ago",1
 IZZY MIDI DRESS Ivory ,0
"Limited time only: FREE SHIPPING on all orders, no minimum required!",1
No I don't feel lucky,1
No thanks! I don't like deals,1
Availability: Only 1 Left,1
AccessoriesCar AccessoriesDressesFootwearHome & OfficeJacketsLawn & OutdoorsPantsPolosShirts & SweatersShortsSleepwear & UnderwearSwim CollectionTailgatingSale Items- View All -,0
Women's ApparelCollection ,0
"mark in richmond hill, United States purchased a Fugoo Tough 11 minutes ago",1
" Your company account is blocked and you cannot place orders. If you have questions, please contact your company administrator. ",0
Only 1 products left,1
33 people are eyeing this item!,1
Your order is reserved for 07:28 minutes!,1
Stock Low : 6 items left.,1
"Our most recent customers are from New Rochelle, Roseville, and Brooksville",1
Sweep Train Simple A Line Tulle Wedding Dress with Appliques and Beading,0
Limited stock Only 2 left,1
"You may cancel your JustFab VIP Membership at any time. There is absolutely no cancellation fee. If you would like to continue receiving selections, then just skip the month by clicking Skip This Month in your Boutique between the 1st and the 5th of the month. You won't be charged and no member credit will be generated for you. If you no longer want to skip the month, then call our Fashion Consultants on 020 36953830 (local rate) Mon-Fri 8:00AM to 8:00PM and Sat-Sun 10:00AM to 6:00PM or cancel your membership via chat.",1
"No thanks, I don't like FREE stuff.",1
Power Button Covers,0
Whey Protein Isolate,0
Nectar,0
"Before you check out, can we tempt you?",1
"After getting my jersey on Monday, I am hooked on CoolHockey. I will surely be buying from CoolHockey from now on.",0
The page you were looking for doesn't exist.,0
White Plus Size Clothing,0
How to cast on,0
Limited Availability,1
Only 2 stock available,1
Someone in city just added Radiance - Nebulizing Diffuser¬Æ to their cart,1
Unique and personalized products to go as yourself.,0
 Watches & Accessories ,0
Don't forget the essentials Get up to 2 years of accidental damage coverage with AppleCare+.,1
 ÈüìÂúãÈ¶ôÊ∞õ Cosmic Mansion ,0
Download Now,0
ONLY 1 ITEM LEFT,1
 V-neck Casual Loose Embroidered Short Sleeve Blouse ,0
and future features included!,0
"Oscar from Cajamarca, Peru purchased",1
‚Ä¢ Recommended to be used with Downy for better long lasting freshness ,0
 Low Maintenance Plants ,0
"Nah, I like paying full price",1
Only 69 left!,1
AboutOur StoryOur MissionOur ProductsIn the News,0
Home + Tech Almost Gone,0
 Choosing the Best Plus Size Briefs ,0
Victoria Victoria Beckham,0
STOCK IS GUARANTEED FOR 60 MINUTES,1
"Sponges, Mitts & Bath Brushes",0
Yes! Upgrade my purchase,1
In Stock only 3 left,1
"from Korea, South",0
Speed Lace Accessory Kit - Silver,0
"NO THANKS, I DON'T WANT TO SAVE MONEY",1
"Jamie in Nashville, United States purchased",1
67% offers claimed. Hurry up!,1
$69.50 For A Limited Time Details,1
ONLY 11 LEFT,1
"Ida in Tangerang Selatan, Indonesia purchased Iseya VG10 G-Series 33 layer Damascus Japanese Chef's Santoku Knife , 180mm about 1 hour ago",1
"Someone in Saint Kilda, Victoria purchased Frank Queen Size Bed Base",1
 Gift Card FAQs ,0
"Someone in Arden Hills, United States purchased 120ml Young Napoleon | Best Strawberry Shortcake eJuice | Vaporham Lincoln eLiquid about 42 minutes ago",1
limited availability at this price!,1
"Bringing the latest footwear, ‚Äòfits and accessories from the biggest brands, the JD app makes coppin‚Äô the hottest looks even easier!",0
Hot Offer. Limited Time,1
"Metal - Brass , hollow from inside¬†",0
Sale Coats and Jackets,0
Hurry! Sale ends in:,1
 Home / Black Tapered Belted Cigarette Trousers - Myasia ,0
"I DON'T LIKE FREE GIFTS, NO THANKS",1
24 people currently interested,1
This product was viewed 26 seconds ago by someone from Princeton,1
"No thanks, I like paying full price",1
"No, thanks. I'd prefer not to save.",1
HURRY! ¬£32.99 UK DELIVERY ENDS SOON,1
High Arches,0
 Fashion Floral Short Sleeve Dress ,0
Upright Plants,0
Ericdress Long Sleeve Mesh Off Shoulder Summer Dress,0
 Add to Cart ,0
Low Stock Only 2 left,1
I don't like discounts,1
LIMITED QUANTITY,1
Muc-Off,0
9 items left,1
Wait! YOUR CART QUALIFIES FOR 15% OFF YOUR ENTIRE ORDER. Offer Expires in: 2955,1
Anniversary Gifts by Year,0
"If you wish to cancel a membership, please contact our Customer Services Department on UK: +44 808 164 8264 (standard local call charges will apply) or via email on customer.service@beautypie.com. You can also contact the Customer Services Department by post at: Beauty Pie Limited, Customer Service Department, The Point, 210 New Kings Road, London SW6 5NZ, United Kingdom. Please quote your order number in all correspondence.",1
01 Hours 37 Minutes 48 Seconds 1/10s,1
"They look really good with my brown eyes, and they look pretty natural.",0
52 people are looking at this right now.,1
LAST CHANCE TO ACTIVATE 10% OFF,1
Custom Women's Apparel,0
LIMITED TIME ONLY *on select models,1
No thanks. I don‚Äôt want deals.,1
 Charity Collection ,0
Only 9 left!,1
